{
  "metadata": {
    "variant": "LS",
    "variant_name": "Lake States",
    "description": "Crown ratio coefficients for the Lake States variant - TWIGS model",
    "source": "FVS Lake States Variant crown.f, Belcher et al. (1982) TWIGS model",
    "equation": "ACR = 10 * (BCR1/(1 + BCR2*BA) + BCR3*(1 - exp(BCR4*D)))",
    "units": "ACR in 0-100 scale (percentage), BA in sq ft/acre, D in inches"
  },
  "species_coefficients": {
    "JP":  {"BCR1": 1.447, "BCR2": 0.00328, "BCR3": 5.302, "BCR4": -0.05726},
    "SC":  {"BCR1": 1.447, "BCR2": 0.00328, "BCR3": 5.302, "BCR4": -0.05726},
    "RN":  {"BCR1": 2.310, "BCR2": 0.00619, "BCR3": 4.310, "BCR4": -0.03059},
    "RP":  {"BCR1": 2.310, "BCR2": 0.00619, "BCR3": 4.310, "BCR4": -0.03059},
    "WP":  {"BCR1": 1.891, "BCR2": 0.00430, "BCR3": 5.560, "BCR4": -0.04500},
    "WS":  {"BCR1": 2.458, "BCR2": 0.00757, "BCR3": 6.122, "BCR4": -0.02140},
    "NS":  {"BCR1": 2.458, "BCR2": 0.00757, "BCR3": 6.122, "BCR4": -0.02140},
    "BF":  {"BCR1": 4.185, "BCR2": 0.01710, "BCR3": 6.162, "BCR4": -0.01875},
    "BS":  {"BCR1": 2.942, "BCR2": 0.00878, "BCR3": 5.891, "BCR4": -0.02310},
    "TA":  {"BCR1": 1.201, "BCR2": 0.00258, "BCR3": 4.680, "BCR4": -0.06150},
    "WC":  {"BCR1": 3.458, "BCR2": 0.01210, "BCR3": 6.320, "BCR4": -0.01530},
    "EH":  {"BCR1": 3.012, "BCR2": 0.00935, "BCR3": 6.450, "BCR4": -0.01720},
    "OS":  {"BCR1": 2.000, "BCR2": 0.00500, "BCR3": 5.500, "BCR4": -0.03500},
    "RC":  {"BCR1": 2.000, "BCR2": 0.00500, "BCR3": 5.500, "BCR4": -0.03500},
    "BA":  {"BCR1": 2.421, "BCR2": 0.00860, "BCR3": 6.081, "BCR4": -0.02350},
    "GA":  {"BCR1": 2.421, "BCR2": 0.00860, "BCR3": 6.081, "BCR4": -0.02350},
    "EC":  {"BCR1": 1.612, "BCR2": 0.00380, "BCR3": 4.910, "BCR4": -0.05120},
    "SV":  {"BCR1": 2.750, "BCR2": 0.01050, "BCR3": 6.250, "BCR4": -0.01950},
    "RM":  {"BCR1": 2.750, "BCR2": 0.01050, "BCR3": 6.250, "BCR4": -0.01950},
    "BC":  {"BCR1": 2.180, "BCR2": 0.00650, "BCR3": 5.780, "BCR4": -0.03120},
    "AE":  {"BCR1": 2.310, "BCR2": 0.00750, "BCR3": 6.010, "BCR4": -0.02580},
    "RL":  {"BCR1": 2.310, "BCR2": 0.00750, "BCR3": 6.010, "BCR4": -0.02580},
    "RE":  {"BCR1": 2.310, "BCR2": 0.00750, "BCR3": 6.010, "BCR4": -0.02580},
    "YB":  {"BCR1": 2.520, "BCR2": 0.00920, "BCR3": 5.890, "BCR4": -0.02210},
    "BW":  {"BCR1": 1.612, "BCR2": 0.00380, "BCR3": 4.910, "BCR4": -0.05120},
    "SM":  {"BCR1": 3.111, "BCR2": 0.01534, "BCR3": 6.251, "BCR4": -0.01552},
    "BM":  {"BCR1": 3.111, "BCR2": 0.01534, "BCR3": 6.251, "BCR4": -0.01552},
    "AB":  {"BCR1": 3.250, "BCR2": 0.01420, "BCR3": 6.350, "BCR4": -0.01450},
    "WA":  {"BCR1": 2.180, "BCR2": 0.00650, "BCR3": 5.780, "BCR4": -0.03120},
    "WO":  {"BCR1": 2.450, "BCR2": 0.00820, "BCR3": 6.120, "BCR4": -0.02150},
    "SW":  {"BCR1": 2.450, "BCR2": 0.00820, "BCR3": 6.120, "BCR4": -0.02150},
    "BR":  {"BCR1": 2.450, "BCR2": 0.00820, "BCR3": 6.120, "BCR4": -0.02150},
    "CK":  {"BCR1": 2.450, "BCR2": 0.00820, "BCR3": 6.120, "BCR4": -0.02150},
    "RO":  {"BCR1": 2.380, "BCR2": 0.00780, "BCR3": 5.950, "BCR4": -0.02450},
    "BO":  {"BCR1": 2.380, "BCR2": 0.00780, "BCR3": 5.950, "BCR4": -0.02450},
    "NP":  {"BCR1": 2.310, "BCR2": 0.00619, "BCR3": 4.310, "BCR4": -0.03059},
    "BH":  {"BCR1": 2.450, "BCR2": 0.00820, "BCR3": 6.120, "BCR4": -0.02150},
    "PH":  {"BCR1": 2.450, "BCR2": 0.00820, "BCR3": 6.120, "BCR4": -0.02150},
    "SH":  {"BCR1": 2.450, "BCR2": 0.00820, "BCR3": 6.120, "BCR4": -0.02150},
    "BT":  {"BCR1": 1.612, "BCR2": 0.00380, "BCR3": 4.910, "BCR4": -0.05120},
    "QA":  {"BCR1": 1.612, "BCR2": 0.00380, "BCR3": 4.910, "BCR4": -0.05120},
    "BP":  {"BCR1": 1.612, "BCR2": 0.00380, "BCR3": 4.910, "BCR4": -0.05120},
    "PB":  {"BCR1": 1.850, "BCR2": 0.00510, "BCR3": 5.320, "BCR4": -0.03750},
    "BN":  {"BCR1": 2.180, "BCR2": 0.00650, "BCR3": 5.780, "BCR4": -0.03120},
    "WN":  {"BCR1": 2.180, "BCR2": 0.00650, "BCR3": 5.780, "BCR4": -0.03120},
    "HH":  {"BCR1": 3.111, "BCR2": 0.01534, "BCR3": 6.251, "BCR4": -0.01552},
    "BK":  {"BCR1": 2.520, "BCR2": 0.00920, "BCR3": 5.890, "BCR4": -0.02210},
    "OH":  {"BCR1": 2.300, "BCR2": 0.00700, "BCR3": 5.800, "BCR4": -0.02800}
  },
  "defaults": {
    "softwood": {"BCR1": 2.000, "BCR2": 0.00500, "BCR3": 5.500, "BCR4": -0.03500},
    "hardwood": {"BCR1": 2.300, "BCR2": 0.00700, "BCR3": 5.800, "BCR4": -0.02800}
  }
}
