{
  "metadata": {
    "variant": "NE",
    "variant_name": "Northeast",
    "description": "Crown ratio coefficients for the Northeast variant - TWIGS model",
    "source": "FVS Northeast Variant crown.f, Belcher et al. (1982) TWIGS model, NE-TWIGS documentation",
    "equation": "ACR = 10 * (BCR1/(1 + BCR2*BA) + BCR3*(1 - exp(BCR4*D)))",
    "units": "ACR in 0-100 scale (percentage), BA in sq ft/acre, D in inches"
  },
  "species_coefficients": {
    "BF":  {"BCR1": 4.185, "BCR2": 0.01710, "BCR3": 6.162, "BCR4": -0.01875},
    "TA":  {"BCR1": 1.201, "BCR2": 0.00258, "BCR3": 4.680, "BCR4": -0.06150},
    "WS":  {"BCR1": 2.458, "BCR2": 0.00757, "BCR3": 6.122, "BCR4": -0.02140},
    "RS":  {"BCR1": 2.458, "BCR2": 0.00757, "BCR3": 6.122, "BCR4": -0.02140},
    "NS":  {"BCR1": 2.458, "BCR2": 0.00757, "BCR3": 6.122, "BCR4": -0.02140},
    "BS":  {"BCR1": 2.942, "BCR2": 0.00878, "BCR3": 5.891, "BCR4": -0.02310},
    "PI":  {"BCR1": 2.458, "BCR2": 0.00757, "BCR3": 6.122, "BCR4": -0.02140},
    "RN":  {"BCR1": 2.310, "BCR2": 0.00619, "BCR3": 4.310, "BCR4": -0.03059},
    "WP":  {"BCR1": 1.891, "BCR2": 0.00430, "BCR3": 5.560, "BCR4": -0.04500},
    "LP":  {"BCR1": 1.447, "BCR2": 0.00328, "BCR3": 5.302, "BCR4": -0.05726},
    "VP":  {"BCR1": 1.447, "BCR2": 0.00328, "BCR3": 5.302, "BCR4": -0.05726},
    "OP":  {"BCR1": 1.891, "BCR2": 0.00430, "BCR3": 5.560, "BCR4": -0.04500},
    "JP":  {"BCR1": 1.447, "BCR2": 0.00328, "BCR3": 5.302, "BCR4": -0.05726},
    "SP":  {"BCR1": 1.447, "BCR2": 0.00328, "BCR3": 5.302, "BCR4": -0.05726},
    "TM":  {"BCR1": 1.447, "BCR2": 0.00328, "BCR3": 5.302, "BCR4": -0.05726},
    "PP":  {"BCR1": 1.447, "BCR2": 0.00328, "BCR3": 5.302, "BCR4": -0.05726},
    "PD":  {"BCR1": 1.447, "BCR2": 0.00328, "BCR3": 5.302, "BCR4": -0.05726},
    "SC":  {"BCR1": 1.447, "BCR2": 0.00328, "BCR3": 5.302, "BCR4": -0.05726},
    "WC":  {"BCR1": 3.458, "BCR2": 0.01210, "BCR3": 6.320, "BCR4": -0.01530},
    "AW":  {"BCR1": 3.458, "BCR2": 0.01210, "BCR3": 6.320, "BCR4": -0.01530},
    "RC":  {"BCR1": 2.000, "BCR2": 0.00500, "BCR3": 5.500, "BCR4": -0.03500},
    "JU":  {"BCR1": 2.000, "BCR2": 0.00500, "BCR3": 5.500, "BCR4": -0.03500},
    "EH":  {"BCR1": 3.012, "BCR2": 0.00935, "BCR3": 6.450, "BCR4": -0.01720},
    "HM":  {"BCR1": 3.012, "BCR2": 0.00935, "BCR3": 6.450, "BCR4": -0.01720},
    "OS":  {"BCR1": 2.000, "BCR2": 0.00500, "BCR3": 5.500, "BCR4": -0.03500},
    "RM":  {"BCR1": 2.750, "BCR2": 0.01050, "BCR3": 6.250, "BCR4": -0.01950},
    "SM":  {"BCR1": 3.111, "BCR2": 0.01534, "BCR3": 6.251, "BCR4": -0.01552},
    "BM":  {"BCR1": 3.111, "BCR2": 0.01534, "BCR3": 6.251, "BCR4": -0.01552},
    "SV":  {"BCR1": 2.750, "BCR2": 0.01050, "BCR3": 6.250, "BCR4": -0.01950},
    "BE":  {"BCR1": 2.750, "BCR2": 0.01050, "BCR3": 6.250, "BCR4": -0.01950},
    "ST":  {"BCR1": 2.750, "BCR2": 0.01050, "BCR3": 6.250, "BCR4": -0.01950},
    "YB":  {"BCR1": 2.520, "BCR2": 0.00920, "BCR3": 5.890, "BCR4": -0.02210},
    "SB":  {"BCR1": 2.520, "BCR2": 0.00920, "BCR3": 5.890, "BCR4": -0.02210},
    "RB":  {"BCR1": 2.520, "BCR2": 0.00920, "BCR3": 5.890, "BCR4": -0.02210},
    "PB":  {"BCR1": 1.850, "BCR2": 0.00510, "BCR3": 5.320, "BCR4": -0.03750},
    "GB":  {"BCR1": 1.850, "BCR2": 0.00510, "BCR3": 5.320, "BCR4": -0.03750},
    "WR":  {"BCR1": 1.850, "BCR2": 0.00510, "BCR3": 5.320, "BCR4": -0.03750},
    "HI":  {"BCR1": 2.450, "BCR2": 0.00820, "BCR3": 6.120, "BCR4": -0.02150},
    "PH":  {"BCR1": 2.450, "BCR2": 0.00820, "BCR3": 6.120, "BCR4": -0.02150},
    "SL":  {"BCR1": 2.450, "BCR2": 0.00820, "BCR3": 6.120, "BCR4": -0.02150},
    "SH":  {"BCR1": 2.450, "BCR2": 0.00820, "BCR3": 6.120, "BCR4": -0.02150},
    "MH":  {"BCR1": 2.450, "BCR2": 0.00820, "BCR3": 6.120, "BCR4": -0.02150},
    "AB":  {"BCR1": 3.250, "BCR2": 0.01420, "BCR3": 6.350, "BCR4": -0.01450},
    "AS":  {"BCR1": 2.180, "BCR2": 0.00650, "BCR3": 5.780, "BCR4": -0.03120},
    "WA":  {"BCR1": 2.180, "BCR2": 0.00650, "BCR3": 5.780, "BCR4": -0.03120},
    "BA":  {"BCR1": 2.421, "BCR2": 0.00860, "BCR3": 6.081, "BCR4": -0.02350},
    "GA":  {"BCR1": 2.421, "BCR2": 0.00860, "BCR3": 6.081, "BCR4": -0.02350},
    "PA":  {"BCR1": 2.421, "BCR2": 0.00860, "BCR3": 6.081, "BCR4": -0.02350},
    "YP":  {"BCR1": 2.750, "BCR2": 0.01050, "BCR3": 6.250, "BCR4": -0.01950},
    "SU":  {"BCR1": 2.300, "BCR2": 0.00700, "BCR3": 5.800, "BCR4": -0.02800},
    "CT":  {"BCR1": 2.750, "BCR2": 0.01050, "BCR3": 6.250, "BCR4": -0.01950},
    "QA":  {"BCR1": 1.612, "BCR2": 0.00380, "BCR3": 4.910, "BCR4": -0.05120},
    "BP":  {"BCR1": 1.612, "BCR2": 0.00380, "BCR3": 4.910, "BCR4": -0.05120},
    "EC":  {"BCR1": 1.612, "BCR2": 0.00380, "BCR3": 4.910, "BCR4": -0.05120},
    "BT":  {"BCR1": 1.612, "BCR2": 0.00380, "BCR3": 4.910, "BCR4": -0.05120},
    "PY":  {"BCR1": 1.612, "BCR2": 0.00380, "BCR3": 4.910, "BCR4": -0.05120},
    "BC":  {"BCR1": 2.180, "BCR2": 0.00650, "BCR3": 5.780, "BCR4": -0.03120},
    "WO":  {"BCR1": 2.450, "BCR2": 0.00820, "BCR3": 6.120, "BCR4": -0.02150},
    "BR":  {"BCR1": 2.450, "BCR2": 0.00820, "BCR3": 6.120, "BCR4": -0.02150},
    "CK":  {"BCR1": 2.450, "BCR2": 0.00820, "BCR3": 6.120, "BCR4": -0.02150},
    "PO":  {"BCR1": 2.450, "BCR2": 0.00820, "BCR3": 6.120, "BCR4": -0.02150},
    "SW":  {"BCR1": 2.450, "BCR2": 0.00820, "BCR3": 6.120, "BCR4": -0.02150},
    "SN":  {"BCR1": 2.450, "BCR2": 0.00820, "BCR3": 6.120, "BCR4": -0.02150},
    "CO":  {"BCR1": 2.450, "BCR2": 0.00820, "BCR3": 6.120, "BCR4": -0.02150},
    "OK":  {"BCR1": 2.450, "BCR2": 0.00820, "BCR3": 6.120, "BCR4": -0.02150},
    "SO":  {"BCR1": 2.380, "BCR2": 0.00780, "BCR3": 5.950, "BCR4": -0.02450},
    "QI":  {"BCR1": 2.380, "BCR2": 0.00780, "BCR3": 5.950, "BCR4": -0.02450},
    "WK":  {"BCR1": 2.380, "BCR2": 0.00780, "BCR3": 5.950, "BCR4": -0.02450},
    "PN":  {"BCR1": 2.380, "BCR2": 0.00780, "BCR3": 5.950, "BCR4": -0.02450},
    "RO":  {"BCR1": 2.380, "BCR2": 0.00780, "BCR3": 5.950, "BCR4": -0.02450},
    "SK":  {"BCR1": 2.380, "BCR2": 0.00780, "BCR3": 5.950, "BCR4": -0.02450},
    "BO":  {"BCR1": 2.380, "BCR2": 0.00780, "BCR3": 5.950, "BCR4": -0.02450},
    "CB":  {"BCR1": 2.380, "BCR2": 0.00780, "BCR3": 5.950, "BCR4": -0.02450},
    "WL":  {"BCR1": 2.380, "BCR2": 0.00780, "BCR3": 5.950, "BCR4": -0.02450},
    "BU":  {"BCR1": 2.750, "BCR2": 0.01050, "BCR3": 6.250, "BCR4": -0.01950},
    "YY":  {"BCR1": 2.750, "BCR2": 0.01050, "BCR3": 6.250, "BCR4": -0.01950},
    "HK":  {"BCR1": 2.300, "BCR2": 0.00700, "BCR3": 5.800, "BCR4": -0.02800},
    "PS":  {"BCR1": 2.300, "BCR2": 0.00700, "BCR3": 5.800, "BCR4": -0.02800},
    "HY":  {"BCR1": 2.300, "BCR2": 0.00700, "BCR3": 5.800, "BCR4": -0.02800},
    "BN":  {"BCR1": 2.180, "BCR2": 0.00650, "BCR3": 5.780, "BCR4": -0.03120},
    "WN":  {"BCR1": 2.180, "BCR2": 0.00650, "BCR3": 5.780, "BCR4": -0.03120},
    "OO":  {"BCR1": 2.300, "BCR2": 0.00700, "BCR3": 5.800, "BCR4": -0.02800},
    "MG":  {"BCR1": 2.750, "BCR2": 0.01050, "BCR3": 6.250, "BCR4": -0.01950},
    "MV":  {"BCR1": 2.750, "BCR2": 0.01050, "BCR3": 6.250, "BCR4": -0.01950},
    "AP":  {"BCR1": 2.300, "BCR2": 0.00700, "BCR3": 5.800, "BCR4": -0.02800},
    "WT":  {"BCR1": 2.300, "BCR2": 0.00700, "BCR3": 5.800, "BCR4": -0.02800},
    "BG":  {"BCR1": 2.300, "BCR2": 0.00700, "BCR3": 5.800, "BCR4": -0.02800},
    "SD":  {"BCR1": 2.300, "BCR2": 0.00700, "BCR3": 5.800, "BCR4": -0.02800},
    "PW":  {"BCR1": 2.300, "BCR2": 0.00700, "BCR3": 5.800, "BCR4": -0.02800},
    "SY":  {"BCR1": 2.300, "BCR2": 0.00700, "BCR3": 5.800, "BCR4": -0.02800},
    "BK":  {"BCR1": 2.520, "BCR2": 0.00920, "BCR3": 5.890, "BCR4": -0.02210},
    "BL":  {"BCR1": 2.300, "BCR2": 0.00700, "BCR3": 5.800, "BCR4": -0.02800},
    "SS":  {"BCR1": 2.300, "BCR2": 0.00700, "BCR3": 5.800, "BCR4": -0.02800},
    "BW":  {"BCR1": 2.750, "BCR2": 0.01050, "BCR3": 6.250, "BCR4": -0.01950},
    "WB":  {"BCR1": 2.750, "BCR2": 0.01050, "BCR3": 6.250, "BCR4": -0.01950},
    "EL":  {"BCR1": 2.310, "BCR2": 0.00750, "BCR3": 6.010, "BCR4": -0.02580},
    "AE":  {"BCR1": 2.310, "BCR2": 0.00750, "BCR3": 6.010,