{
  "_metadata": {
    "variant": "WS",
    "variant_name": "Western Sierra Nevada",
    "model": "wykoff",
    "equation": "Height = 4.5 + exp(B1 + B2 / (DBH + 1))",
    "source": "FVS WS variant blkdat.f (HT1, HT2 arrays)",
    "num_species": 43
  },
  "SP": {"Wykoff_B1": 4.86039, "Wykoff_B2": -9.32795},
  "DF": {"Wykoff_B1": 4.86039, "Wykoff_B2": -9.32795},
  "WF": {"Wykoff_B1": 4.86039, "Wykoff_B2": -9.32795},
  "GS": {"Wykoff_B1": 5.3401, "Wykoff_B2": -15.9354},
  "IC": {"Wykoff_B1": 4.86039, "Wykoff_B2": -9.32795},
  "JP": {"Wykoff_B1": 4.86039, "Wykoff_B2": -9.32795},
  "RF": {"Wykoff_B1": 4.86039, "Wykoff_B2": -9.32795},
  "PP": {"Wykoff_B1": 4.86039, "Wykoff_B2": -9.32795},
  "LP": {"Wykoff_B1": 4.8358, "Wykoff_B2": -9.2077},
  "WB": {"Wykoff_B1": 4.8358, "Wykoff_B2": -9.2077},
  "WP": {"Wykoff_B1": 4.86039, "Wykoff_B2": -9.32795},
  "PM": {"Wykoff_B1": 4.6843, "Wykoff_B2": -6.5516},
  "SF": {"Wykoff_B1": 4.86039, "Wykoff_B2": -9.32795},
  "KP": {"Wykoff_B1": 4.6843, "Wykoff_B2": -6.5516},
  "FP": {"Wykoff_B1": 4.6843, "Wykoff_B2": -6.5516},
  "CP": {"Wykoff_B1": 4.6843, "Wykoff_B2": -6.5516},
  "LM": {"Wykoff_B1": 4.6843, "Wykoff_B2": -6.5516},
  "MP": {"Wykoff_B1": 4.86039, "Wykoff_B2": -9.32795},
  "GP": {"Wykoff_B1": 4.6843, "Wykoff_B2": -6.5516},
  "WE": {"Wykoff_B1": 4.6843, "Wykoff_B2": -6.5516},
  "GB": {"Wykoff_B1": 4.1920, "Wykoff_B2": -5.1651},
  "BD": {"Wykoff_B1": 4.86039, "Wykoff_B2": -9.32795},
  "RW": {"Wykoff_B1": 5.3401, "Wykoff_B2": -15.9354},
  "MH": {"Wykoff_B1": 4.86039, "Wykoff_B2": -9.32795},
  "WJ": {"Wykoff_B1": 4.6843, "Wykoff_B2": -6.5516},
  "UJ": {"Wykoff_B1": 4.6843, "Wykoff_B2": -6.5516},
  "CJ": {"Wykoff_B1": 4.6843, "Wykoff_B2": -6.5516},
  "LO": {"Wykoff_B1": 4.80420, "Wykoff_B2": -9.92422},
  "CY": {"Wykoff_B1": 4.80420, "Wykoff_B2": -9.92422},
  "BL": {"Wykoff_B1": 4.80420, "Wykoff_B2": -9.92422},
  "BO": {"Wykoff_B1": 4.80420, "Wykoff_B2": -9.92422},
  "VO": {"Wykoff_B1": 4.80420, "Wykoff_B2": -9.92422},
  "IO": {"Wykoff_B1": 4.80420, "Wykoff_B2": -9.92422},
  "TO": {"Wykoff_B1": 4.80420, "Wykoff_B2": -9.92422},
  "GC": {"Wykoff_B1": 4.80420, "Wykoff_B2": -9.92422},
  "AS": {"Wykoff_B1": 4.80420, "Wykoff_B2": -9.92422},
  "CL": {"Wykoff_B1": 4.80420, "Wykoff_B2": -9.92422},
  "MA": {"Wykoff_B1": 4.80420, "Wykoff_B2": -9.92422},
  "DG": {"Wykoff_B1": 4.80420, "Wykoff_B2": -9.92422},
  "BM": {"Wykoff_B1": 4.80420, "Wykoff_B2": -9.92422},
  "MC": {"Wykoff_B1": 5.1520, "Wykoff_B2": -13.5760},
  "OS": {"Wykoff_B1": 4.86039, "Wykoff_B2": -9.32795},
  "OH": {"Wykoff_B1": 4.80420, "Wykoff_B2": -9.92422}
}
