{
  "metadata": {
    "variant": "CS",
    "variant_name": "Central States",
    "description": "Crown ratio TWIGS coefficients (BCR1-BCR4) for the Central States variant of FVS",
    "source": "Belcher et al. (1982); FVS CS crown.f; NE-TWIGS documentation",
    "equation": "ACR = 10 * (BCR1/(1 + BCR2*BA) + BCR3*(1 - exp(BCR4*D)))",
    "notes": "CS uses the same TWIGS crown ratio model as LS/NE. BCR1-BCR4 are species-specific. Shared species with LS/NE reuse coefficients; CS-unique species use genus-level or functional group averages."
  },
  "species_coefficients": {
    "RC": {"BCR1": 2.100, "BCR2": 0.00520, "BCR3": 5.600, "BCR4": -0.04200},
    "JU": {"BCR1": 2.100, "BCR2": 0.00520, "BCR3": 5.600, "BCR4": -0.04200},
    "SP": {"BCR1": 1.800, "BCR2": 0.00400, "BCR3": 5.300, "BCR4": -0.04800},
    "VP": {"BCR1": 1.800, "BCR2": 0.00400, "BCR3": 5.300, "BCR4": -0.04800},
    "LP": {"BCR1": 1.800, "BCR2": 0.00400, "BCR3": 5.300, "BCR4": -0.04800},
    "OS": {"BCR1": 2.000, "BCR2": 0.00480, "BCR3": 5.500, "BCR4": -0.04500},
    "WP": {"BCR1": 1.891, "BCR2": 0.00430, "BCR3": 5.560, "BCR4": -0.04500},
    "BY": {"BCR1": 2.100, "BCR2": 0.00520, "BCR3": 5.600, "BCR4": -0.04200},
    "WN": {"BCR1": 2.200, "BCR2": 0.00600, "BCR3": 5.500, "BCR4": -0.03200},
    "BN": {"BCR1": 2.200, "BCR2": 0.00600, "BCR3": 5.500, "BCR4": -0.03200},
    "TL": {"BCR1": 2.300, "BCR2": 0.00700, "BCR3": 5.800, "BCR4": -0.02800},
    "TS": {"BCR1": 2.300, "BCR2": 0.00700, "BCR3": 5.800, "BCR4": -0.02800},
    "WT": {"BCR1": 2.300, "BCR2": 0.00700, "BCR3": 5.800, "BCR4": -0.02800},
    "BG": {"BCR1": 2.200, "BCR2": 0.00650, "BCR3": 5.600, "BCR4": -0.03000},
    "HS": {"BCR1": 2.300, "BCR2": 0.00700, "BCR3": 5.800, "BCR4": -0.02800},
    "SH": {"BCR1": 2.300, "BCR2": 0.00700, "BCR3": 5.800, "BCR4": -0.02800},
    "SL": {"BCR1": 2.300, "BCR2": 0.00700, "BCR3": 5.800, "BCR4": -0.02800},
    "MH": {"BCR1": 2.300, "BCR2": 0.00700, "BCR3": 5.800, "BCR4": -0.02800},
    "PH": {"BCR1": 2.300, "BCR2": 0.00700, "BCR3": 5.800, "BCR4": -0.02800},
    "HI": {"BCR1": 2.300, "BCR2": 0.00700, "BCR3": 5.800, "BCR4": -0.02800},
    "WH": {"BCR1": 2.300, "BCR2": 0.00700, "BCR3": 5.800, "BCR4": -0.02800},
    "BH": {"BCR1": 2.300, "BCR2": 0.00700, "BCR3": 5.800, "BCR4": -0.02800},
    "PE": {"BCR1": 2.300, "BCR2": 0.00700, "BCR3": 5.800, "BCR4": -0.02800},
    "BI": {"BCR1": 2.300, "BCR2": 0.00700, "BCR3": 5.800, "BCR4": -0.02800},
    "AB": {"BCR1": 2.750, "BCR2": 0.01050, "BCR3": 6.250, "BCR4": -0.01950},
    "BA": {"BCR1": 2.400, "BCR2": 0.00750, "BCR3": 5.900, "BCR4": -0.02500},
    "PA": {"BCR1": 2.400, "BCR2": 0.00750, "BCR3": 5.900, "BCR4": -0.02500},
    "UA": {"BCR1": 2.400, "BCR2": 0.00750, "BCR3": 5.900, "BCR4": -0.02500},
    "EC": {"BCR1": 1.612, "BCR2": 0.00380, "BCR3": 4.910, "BCR4": -0.05120},
    "RM": {"BCR1": 2.750, "BCR2": 0.01050, "BCR3": 6.250, "BCR4": -0.01950},
    "BE": {"BCR1": 2.750, "BCR2": 0.01050, "BCR3": 6.250, "BCR4": -0.01950},
    "SV": {"BCR1": 2.750, "BCR2": 0.01050, "BCR3": 6.250, "BCR4": -0.01950},
    "BC": {"BCR1": 2.380, "BCR2": 0.00750, "BCR3": 5.900, "BCR4": -0.02500},
    "AE": {"BCR1": 2.400, "BCR2": 0.00800, "BCR3": 5.950, "BCR4": -0.02400},
    "SG": {"BCR1": 2.400, "BCR2": 0.00800, "BCR3": 5.950, "BCR4": -0.02400},
    "HK": {"BCR1": 2.300, "BCR2": 0.00700, "BCR3": 5.800, "BCR4": -0.02800},
    "WE": {"BCR1": 2.400, "BCR2": 0.00800, "BCR3": 5.950, "BCR4": -0.02400},
    "EL": {"BCR1": 2.400, "BCR2": 0.00800, "BCR3": 5.950, "BCR4": -0.02400},
    "SI": {"BCR1": 2.400, "BCR2": 0.00800, "BCR3": 5.950, "BCR4": -0.02400},
    "RL": {"BCR1": 2.400, "BCR2": 0.00800, "BCR3": 5.950, "BCR4": -0.02400},
    "RE": {"BCR1": 2.400, "BCR2": 0.00800, "BCR3": 5.950, "BCR4": -0.02400},
    "YP": {"BCR1": 2.500, "BCR2": 0.00900, "BCR3": 6.100, "BCR4": -0.02200},
    "BW": {"BCR1": 2.520, "BCR2": 0.00920, "BCR3": 5.890, "BCR4": -0.02210},
    "SM": {"BCR1": 3.111, "BCR2": 0.01534, "BCR3": 6.251, "BCR4": -0.01552},
    "AS": {"BCR1": 2.400, "BCR2": 0.00750, "BCR3": 5.900, "BCR4": -0.02500},
    "WA": {"BCR1": 2.400, "BCR2": 0.00750, "BCR3": 5.900, "BCR4": -0.02500},
    "GA": {"BCR1": 2.400, "BCR2": 0.00750, "BCR3": 5.900, "BCR4": -0.02500},
    "WO": {"BCR1": 2.450, "BCR2": 0.00820, "BCR3": 6.120, "BCR4": -0.02150},
    "RO": {"BCR1": 2.380, "BCR2": 0.00780, "BCR3": 5.950, "BCR4": -0.02450},
    "SK": {"BCR1": 2.380, "BCR2": 0.00780, "BCR3": 5.950, "BCR4": -0.02450},
    "BO": {"BCR1": 2.380, "BCR2": 0.00780, "BCR3": 5.950, "BCR4": -0.02450},
    "SO": {"BCR1": 2.380, "BCR2": 0.00780, "BCR3": 5.950, "BCR4": -0.02450},
    "BJ": {"BCR1": 2.300, "BCR2": 0.00750, "BCR3": 5.800, "BCR4": -0.02600},
    "CK": {"BCR1": 2.450, "BCR2": 0.00820, "BCR3": 6.120, "BCR4": -0.02150},
    "SW": {"BCR1": 2.450, "BCR2": 0.00820, "BCR3": 6.120, "BCR4": -0.02150},
    "BR": {"BCR1": 2.450, "BCR2": 0.00820, "BCR3": 6.120, "BCR4": -0.02150},
    "SN": {"BCR1": 2.380, "BCR2": 0.00780, "BCR3": 5.950, "BCR4": -0.02450},
    "PO": {"BCR1": 2.400, "BCR2": 0.00800, "BCR3": 6.000, "BCR4": -0.02300},
    "DO": {"BCR1": 2.400, "BCR2": 0.00800, "BCR3": 6.000, "BCR4": -0.02300},
    "CO": {"BCR1": 2.450, "BCR2": 0.00820, "BCR3": 6.120, "BCR4": -0.02150},
    "PN": {"BCR1": 2.380, "BCR2": 0.00780, "BCR3": 5.950, "BCR4": -0.02450},
    "CB": {"BCR1": 2.380, "BCR2": 0.00780, "BCR3": 5.950, "BCR4": -0.02450},
    "QI": {"BCR1": 2.380, "BCR2": 0.00780, "BCR3": 5.950, "BCR4": -0.02450},
    "OV": {"BCR1": 2.450, "BCR2": 0.00820, "BCR3": 6.120, "BCR4": -0.02150},
    "WK": {"BCR1": 2.450, "BCR2": 0.00820, "BCR3": 6.120, "BCR4": -0.02150},
    "NK": {"BCR1": 2.380, "BCR2": 0.00780, "BCR3": 5.950, "BCR4": -0.02450},
    "WL": {"BCR1": 2.380, "BCR2": 0.00780, "BCR3": 5.950, "BCR4": -0.02450},
    "QS": {"BCR1": 2.380, "BCR2": 0.00780, "BCR3": 5.950, "BCR4": -0.02450},
    "UH": {"BCR1": 2.300, "BCR2": 0.00700, "BCR3": 5.800, "BCR4": -0.02800},
    "SS": {"BCR1": 2.300, "BCR2": 0.00700, "BCR3": 5.800, "BCR4": -0.02800},
    "OB": {"BCR1": 2.300, "BCR2": 0.00700, "BCR3": 5.800, "BCR4": -0.02800},
    "CA": {"BCR1": 2.300, "BCR2": 0.00700, "BCR3": 5.800, "BCR4": -0.02800},
    "PS": {"BCR1": 2.300, "BCR2": 0.00700, "BCR3": 5.800, "BCR4": -0.02800},
    "HL": {"BCR1": 2.200, "BCR2": 0.00600, "BCR3": 5.500, "BCR4": -0.03200},
    "BP": {"BCR1": 1.612, "BCR2": 0.00380, "BCR3": 4.910, "BCR4": -0.05120},
    "BT": {"BCR1": 1.612, "BCR2": 0.00380, "BCR3": 4.910, "BCR4": -0.05120},
    "QA": {"BCR1": 1.612, "BCR2": 0.00380, "BCR3": 4.910, "BCR4": -0.05120},
    "BK": {"BCR1": 2.520, "BCR2": 0.00920, "BCR3": 5.890, "BCR4": -0.02210},
    "OL": {"BCR1": 2.200, "BCR2": 0.00600, "BCR3": 5.500, "BCR4": -0.03200},
    "SY": {"BCR1": 2.300, "BCR2": 0.00700, "BCR3": 5.800, "BCR4": -0.02800},
    "RB": {"BCR1": 2.520, "BCR2": 0.00920, "BCR3": 5.890, "BCR4": -0.02210},
    "SU": {"BCR1": 2.300, "BCR2": 0.00700, "BCR3": 5.800, "BCR4": -0.02800},
    "WI": {"BCR1": 2.100, "BCR2": 0.00520, "BCR3": 5.200, "BCR4": -0.04000},
    "BL": {"BCR1": 2.100, "BCR2": 0.00520, "BCR3": 5.200, "BCR4": -0.04000},
    "NC": {"BCR1": 2.200, "BCR2": 0.00600, "BCR3": 5.500, "BCR4": -0.03200},
    "AH": {"BCR1": 2.300, "BCR2": 0.00700, "BCR3": 5.800, "BCR4": -0.02800},
    "RD": {"BCR1": 2.200, "BCR2": 0.00600, "BCR3": 5.500, "BCR4": -0.03200},
    "DW": {"BCR1": 2.200, "BCR2": 0.00600, "BCR3": 5.500, "BCR4": -0.03200},
    "HT": {"BCR1": 2.200, "BCR2": 0.00600, "BCR3": 5.500, "BCR4": -0.03200},
    "KC": {"BCR1": 2.200, "BCR2": 0.00600, "BCR3": 5.500, "BCR4": -0.03200},
    "OO": {"BCR1": 2.300, "BCR2": 0.00700, "BCR3": 5.800, "BCR4": -0.02800},
    "CT": {"BCR1": 2.400, "BCR2": 0.00750, "BCR3": 5.900, "BCR4": -0.02500},
    "MV": {"BCR1": 2.400, "BCR2": 0.00750, "BCR3": 5.900, "BCR4": -0.02500},
    "MB": {"BCR1": 2.300, "BCR2": 0.00700, "BCR3": 5.800, "BCR4": -0.02800},
    "HH": {"BCR1": 2.300, "BCR2": 0.00700, "BCR3": 5.800, "BCR4": -0.02800},
    "SD": {"BCR1": 2.300, "BCR2": 0.00700, "BCR3": 5.800, "BCR4": -0.02800}
  },